op,op_ts,rider_id,operator_id,first_name,last_name,email,home_city_id,country,signup_date,plan_id,marketing_consent,account_status,birth_year
U,2026-05-31T15:25:08Z,RD-007231,OP-004,Astrid,Vidal,ASTRID.VIDAL748@CORREO.ES,CTY-LIS,PT,2025-10-15,PLAN-PAYG,false,active,1986
U,2026-05-31T11:55:54Z,RD-007289,OP-004,Emil,Bernard,emil.bernard251@correo.es,CTY-LIS,PT,2025-07-29,PLAN-PAYG,false,active,1993
I,2026-05-31T15:21:27Z,RD-004706,OP-001,Lucia,Lopez,lucia.lopez111@proton.me,CTY-LYO,FR,2026-05-31,PLAN-PAYG,false,active,1980
I,2026-05-31T12:58:01Z,RD-007393,OP-004,Lucia,Ferrer,lucia.ferrer471@gmx.de,CTY-LIS,PT,2026-05-31,PLAN-PAYG,false,active,1994
U,2026-05-31T21:45:55Z,RD-007561,OP-004,Diego,Vidal,diego.vidal926@proton.me,CTY-GOT,PT,2025-09-06,PLAN-UNLIMITED,false,active,1971
U,2026-05-31T08:05:40Z,RD-003447,OP-001,Sofia,Conti,sofia.conti325@mail.com,CTY-STO,Spain,2024-04-15,PLAN-COMMUTE,true,active,1998
U,2026-05-31T05:33:39Z,RD-007335,OP-004,Nadia,Moreno,nadia.moreno436@mail.com,CTY-LIS,PT,2026-04-29,PLAN-PAYG,true,active,2007
U,2026-05-31T10:29:27Z,RD-001752,OP-001,Aina,Moreno,AINA.MORENO636@PROTON.ME,CTY-MAD,esp,2025-11-07,PLAN-STUDENT,false,active,2008
U,2026-05-31T10:07:06Z,RD-006513,OP-003,Joan,Serra,joan.serra330@gmx.de,CTY-GOT,SE,2024-11-25,PLAN-COMMUTE,false,active,1974
U,2026-05-31T09:57:33Z,RD-000064,OP-002,Freja,Weber,freja.weber963@proton.me,CTY-VLC,ES,2026-02-19,PLAN-PAYG,false,active,1984
I,2026-05-31T21:06:22Z,RD-003377,OP-001,Louis,Garcia,louis.garcia615@correo.es,CTY-VLC,Spain,2026-05-31,PLAN-PAYG,true,active,1996
U,2026-05-31T10:59:46Z,RD-004679,OP-001,Beatriz,Berg,beatriz.berg591@correo.es,CTY-LYO,FR,2024-02-15,PLAN-PAYG,false,active,1984
I,2026-05-31T00:44:50Z,RD-006086,OP-003,Antoine,Dubois,antoine.dubois684@correo.es,CTY-STO,SE,2026-05-31,PLAN-PAYG,false,active,1997
U,2026-05-31T02:13:17Z,RD-003919,OP-001,Freja,Costa,freja.costa39@correo.es,CTY-VLC,Spain,2025-02-10,PLAN-CORP,true,active,1971
U,2026-05-31T13:14:19Z,RD-007042,OP-003,Nadia,Pereira,nadia.pereira899@gmx.de,CTY-GOT,SWE,2024-09-08,PLAN-PAYG,true,active,1997
U,2026-05-31T14:09:47Z,RD-000081,OP-002,Elin,Lopez,elin.lopez348@proton.me,CTY-BCN,ES,2025-08-12,PLAN-PAYG,true,active,1963
U,2026-05-31T04:39:04Z,RD-007807,OP-004,Oskar,Fischer,oskar.fischer844@mail.com,CTY-LIS,PT,2024-02-08,PLAN-PAYG,false,active,1995
