ride_id,operator_id,vehicle_id,rider_id,start_ts,end_ts,start_zone_id,end_zone_id,start_lat,start_lon,end_lat,end_lon,distance_m,duration_s,unlock_channel,end_reason,fare_amount,currency,is_test,updated_at,promo_code
RIDE-20260726-0105311,OP-001,VH-00699,RD-004616,2026-07-26T13:39:02+02:00,2026-07-26T13:52:44+02:00,LYO-Z04,LYO-Z05,45.744249,4.838134,45.744124,4.867729,3760,822,app_nfc,user_ended,4.84,EUR,false,2026-07-26T23:56:44Z,
RIDE-20260726-0105265,OP-001,VH-00632,RD-004071,2026-07-26T09:41:31+02:00,2026-07-26T09:47:04+02:00,LYO-Z06,LYO-Z04,45.747906,4.785443,45.749586,4.865645,1150,333,app_qr,user_ended,0.67,EUR,false,2026-07-26T23:51:04Z,SUMMER26
RIDE-20260726-0105323,OP-001,VH-00720,RD-004653,2026-07-26T20:40:31+02:00,2026-07-26T20:52:33+02:00,LYO-Z02,LYO-Z04,45.761836,4.881604,45.764131,4.82967,2833,722,app_qr,user_ended,4.37,EUR,false,2026-07-26T23:53:39Z,
RIDE-20260726-0105320,OP-001,VH-00720,RD-004324,2026-07-26T20:21:03+02:00,2026-07-26T20:33:59+02:00,LYO-Z03,LYO-Z05,45.781498,4.808278,45.775768,4.87177,2838,776,app_nfc,user_ended,4.62,EUR,false,2026-07-26T23:50:42Z,
RIDE-20260726-0105278,OP-001,VH-00641,RD-004718,2026-07-26T07:45:19+02:00,2026-07-26T07:50:22+02:00,LYO-Z02,LYO-Z03,45.79918,4.809856,45.733282,4.82247,1132,303,app_id_entry,user_ended,0.86,EUR,false,2026-07-26T23:52:27Z,STUDENT10
RIDE-20260726-0105368,OP-001,VH-00700,RD-004055,2026-07-26T23:00:33+02:00,2026-07-26T23:08:18+02:00,LYO-Z04,LYO-Z04,45.78501,4.887052,45.795655,4.798336,1036,465,partner_app,user_ended,3.17,EUR,false,2026-07-26T23:58:02Z,WELCOME5
RIDE-20260726-0105264,OP-001,VH-00622,RD-004151,2026-07-26T15:41:47+02:00,2026-07-26T15:45:52+02:00,LYO-Z03,LYO-Z02,45.79204,4.855767,45.738718,4.810363,527,245,app_nfc,user_ended,2.14,EUR,false,2026-07-26T23:50:54Z,SUMMER26
RIDE-20260726-0105324,OP-001,VH-00614,RD-004104,2026-07-26T23:56:38+02:00,2026-07-27T00:18:31+02:00,LYO-Z01,LYO-Z04,45.728648,4.83519,45.766625,4.87157,5235,1313,app_qr,user_ended,7.13,EUR,false,2026-07-26T23:52:37Z,
RIDE-20260726-0105266,OP-001,VH-00697,RD-004346,2026-07-26T17:33:19+02:00,2026-07-26T17:42:51+02:00,LYO-Z05,,45.785659,4.818604,45.772882,4.818427,1260,572,partner_app,user_ended,1.62,EUR,false,2026-07-26T23:57:29Z,STUDENT10
RIDE-20260726-0105302,OP-001,VH-00673,RD-004922,2026-07-26T23:28:16+02:00,2026-07-26T23:39:47+02:00,LYO-Z02,LYO-Z01,45.786168,4.819646,45.749223,4.860481,3262,691,app_nfc,user_ended,4.22,EUR,false,2026-07-26T23:57:42Z,
RIDE-20260726-0105362,OP-001,VH-00693,RD-004084,2026-07-26T16:17:33+02:00,2026-07-26T16:21:28+02:00,LYO-Z01,LYO-Z04,45.781684,4.815884,45.737575,4.868691,990,235,partner_app,user_ended,2.10,EUR,false,2026-07-26T23:53:27Z,
RIDE-20260726-0105294,OP-001,VH-00670,RD-004669,2026-07-26T17:14:24+02:00,2026-07-26T17:23:03+02:00,LYO-Z01,LYO-Z02,45.731495,4.882718,45.757685,4.8677,2193,519,app_id_entry,user_ended,3.42,EUR,false,2026-07-26T23:54:50Z,
RIDE-20260726-0105332,OP-001,VH-00725,RD-004665,2026-07-26T09:50:54+02:00,2026-07-26T10:08:02+02:00,LYO-Z03,LYO-Z01,45.777739,4.883108,45.79349,4.817867,4846,1028,app_id_entry,user_ended,5.80,EUR,false,2026-07-26T23:55:12Z,SUMMER26
RIDE-20260726-0105281,OP-001,VH-00704,RD-004863,2026-07-26T22:47:41+02:00,2026-07-26T23:03:25+02:00,LYO-Z06,LYO-Z02,45.744028,4.853054,45.733006,4.788799,2262,944,app_id_entry,user_ended,0.00,EUR,false,2026-07-26T23:53:50Z,
RIDE-20260726-0105279,OP-001,VH-00684,RD-004586,2026-07-26T12:33:45+02:00,2026-07-26T12:45:55+02:00,LYO-Z04,LYO-Z02,45.759232,4.791895,45.752727,4.88153,2407,730,partner_app,user_ended,2.07,EUR,false,2026-07-26T23:50:59Z,
RIDE-20260726-0105341,OP-001,VH-00671,RD-004853,2026-07-26T16:07:52+02:00,2026-07-26T16:16:28+02:00,LYO-Z04,LYO-Z01,45.772582,4.839646,45.728315,4.815946,2045,516,app_id_entry,user_ended,3.41,EUR,false,2026-07-26T23:53:56Z,STUDENT10
RIDE-20260726-0105316,OP-001,VH-00612,RD-004081,2026-07-26T14:35:15+02:00,2026-07-26T14:42:36+02:00,LYO-Z01,LYO-Z03,45.754204,4.869351,45.759996,4.8705,1305,441,app_id_entry,user_ended,3.06,EUR,false,2026-07-26T23:50:47Z,
RIDE-20260726-0105360,OP-001,VH-00699,RD-004020,2026-07-26T15:51:47+02:00,2026-07-26T16:05:14+02:00,LYO-Z01,LYO-Z01,45.783836,4.811163,45.773792,4.78478,2737,807,partner_app,low_battery,4.77,EUR,false,2026-07-26T23:56:12Z,STUDENT10
RIDE-20260726-0105272,OP-001,VH-00616,RD-004624,2026-07-26T22:38:21+02:00,2026-07-26T22:45:56+02:00,LYO-Z05,LYO-Z04,45.743655,4.838385,45.736684,4.843192,1109,455,partner_app,user_ended,1.29,EUR,false,2026-07-26T23:50:36Z,SUMMER26
RIDE-20260726-0105326,OP-001,VH-00715,RD-004541,2026-07-26T15:57:15+02:00,2026-07-26T16:03:37+02:00,LYO-Z06,LYO-Z01,45.763519,4.886843,45.731696,4.858534,1593,382,partner_app,user_ended,1.45,EUR,false,2026-07-26T23:51:09Z,WELCOME5
RIDE-20260726-0105303,OP-001,VH-00725,RD-004645,2026-07-26T14:42:31+02:00,2026-07-26T14:50:10+02:00,LYO-Z03,LYO-Z03,45.784986,4.880985,45.778829,4.879915,1173,459,app_nfc,user_ended,3.14,EUR,false,2026-07-26T23:53:29Z,SUMMER26
RIDE-20260726-0105314,OP-001,VH-00637,RD-004220,2026-07-26T11:28:29+02:00,2026-07-26T11:32:35+02:00,LYO-Z05,LYO-Z04,45.770547,4.881064,45.732496,4.786974,,246,partner_app,user_ended,0.70,EUR,false,2026-07-26T23:55:38Z,
RIDE-20260726-0105326,OP-001,VH-00715,RD-004541,2026-07-26T15:57:15+02:00,2026-07-26T16:03:37+02:00,LYO-Z06,LYO-Z01,45.763519,4.886843,45.731696,4.858534,1593,382,partner_app,user_ended,1.27,EUR,false,2026-07-28T00:51:09Z,WELCOME5
RIDE-20260726-0105276,OP-001,VH-00731,RD-004323,2026-07-26T23:46:44+02:00,2026-07-27T00:17:05+02:00,LYO-Z01,LYO-Z05,45.757119,4.822985,45.735711,4.875231,6474,1821,partner_app,user_ended,5.05,EUR,false,2026-07-26T23:53:23Z,
RIDE-20260726-0105325,OP-001,VH-00640,RD-004143,2026-07-26T12:57:34+02:00,2026-07-26T13:15:36+02:00,LYO-Z05,LYO-Z02,45.763019,4.786144,45.796684,4.884113,4462,1082,app_qr,user_ended,6.05,EUR,false,2026-07-26T23:53:36Z,STUDENT10
RIDE-20260726-0105338,OP-001,VH-00615,RD-004611,2026-07-26T11:53:19+02:00,2026-07-26T12:07:19+02:00,,LYO-Z04,45.753958,4.885561,45.737493,4.806041,3987,840,partner_app,low_battery,4.92,EUR,false,2026-07-26T23:52:05Z,
RIDE-20260726-0105337,OP-001,VH-00636,RD-004038,2026-07-26T18:08:01+02:00,2026-07-26T18:13:53+02:00,LYO-Z05,LYO-Z05,45.749451,4.846428,45.78278,4.799009,930,352,app_qr,user_ended,2.64,EUR,false,2026-07-26T23:54:14Z,STUDENT10
RIDE-20260726-0105339,OP-001,VH-00602,RD-004573,2026-07-26T01:35:30+02:00,2026-07-26T01:42:10+02:00,LYO-Z01,LYO-Z04,45.752744,4.798706,45.777801,4.846781,964,400,partner_app,user_ended,2.87,EUR,false,2026-07-26T23:54:57Z,
RIDE-20260726-0105306,OP-001,VH-00685,RD-004792,2026-07-26T01:19:08+02:00,2026-07-26T01:30:01+02:00,LYO-Z03,LYO-Z06,45.753346,4.869165,45.753235,4.865182,1748,653,app_qr,user_ended,1.31,EUR,false,2026-07-26T23:58:06Z,
RIDE-20260726-0105351,OP-001,VH-00605,RD-004637,2026-07-26T01:02:45+02:00,2026-07-26T01:07:17+02:00,LYO-Z01,LYO-Z04,45.762931,4.790889,45.739763,4.862083,1333,272,app_nfc,user_ended,0.00,EUR,false,2026-07-26T23:50:45Z,STUDENT10
RIDE-20260726-0105353,OP-001,VH-00645,RD-004747,2026-07-26T16:49:55+02:00,2026-07-26T16:55:57+02:00,LYO-Z01,LYO-Z05,45.785477,4.79673,45.780309,4.824622,1239,362,app_nfc,user_ended,1.03,EUR,false,2026-07-26T23:56:01Z,STUDENT10
RIDE-20260726-0105361,OP-001,VH-00612,RD-004191,2026-07-26T18:49:21+02:00,2026-07-26T19:06:05+02:00,LYO-Z03,,45.731328,4.807888,45.783794,4.824266,2076,1004,app_qr,user_ended,2.84,EUR,false,2026-07-26T23:55:10Z,SUMMER26
RIDE-20260726-0105289,OP-001,VH-00656,RD-004220,2026-07-26T15:24:40+02:00,2026-07-26T15:29:33+02:00,LYO-Z05,LYO-Z01,45.799321,4.867192,45.768458,4.881574,1257,293,app_id_entry,user_ended,0.83,EUR,false,2026-07-26T23:52:52Z,
RIDE-20260726-0105335,OP-001,VH-00636,RD-004024,2026-07-26T12:10:33+02:00,2026-07-26T12:19:44+02:00,LYO-Z05,LYO-Z01,45.792943,4.79251,45.770863,4.785338,1875,551,app_id_entry,user_ended,3.57,EUR,false,2026-07-26T23:54:10Z,
RIDE-20260726-0105350,OP-001,VH-00689,RD-004220,2026-07-26T09:44:57+02:00,2026-07-26T09:59:26+02:00,LYO-Z01,LYO-Z02,45.76402,4.797425,45.749211,4.847904,3205,869,app_nfc,user_ended,2.46,EUR,false,2026-07-26T23:50:43Z,STUDENT10
RIDE-20260726-0105297,OP-001,VH-00601,RD-004764,2026-07-26T00:31:58+02:00,2026-07-26T00:35:50+02:00,,LYO-Z05,45.746109,4.860081,45.782629,4.800918,521,232,partner_app,user_ended,2.08,EUR,false,2026-07-26T23:50:04Z,
RIDE-20260726-0105308,OP-001,VH-00634,RD-004253,2026-07-26T19:51:10+02:00,2026-07-26T19:55:17+02:00,LYO-Z02,LYO-Z01,45.749891,4.852553,45.759586,4.784699,562,247,app_qr,user_ended,2.15,EUR,false,2026-07-26T23:52:22Z,
RIDE-20260726-0105347,OP-001,VH-00602,RD-004251,2026-07-26T16:57:17+02:00,2026-07-26T17:09:52+02:00,LYO-Z01,LYO-Z01,45.74707,4.797903,45.72804,4.858867,3244,755,partner_app,user_ended,4.52,EUR,false,2026-07-26T23:51:47Z,WELCOME5
RIDE-20260726-0105275,OP-001,VH-00640,RD-004857,2026-07-26T14:24:29+02:00,2026-07-26T14:28:40+02:00,LYO-Z03,LYO-Z03,45.762168,4.862009,45.787697,4.844328,559,251,app_qr,user_ended,2.17,EUR,false,2026-07-26T23:52:14Z,
RIDE-20260726-0105327,OP-004,VH-00727,RD-004666,2026-07-26T09:00:21+02:00,2026-07-26T09:06:59+02:00,LYO-Z05,LYO-Z01,45.763474,4.815471,45.782775,4.839601,1478,398,partner_app,user_ended,2.86,EUR,false,2026-07-26T23:53:49Z,SUMMER26
RIDE-20260726-0105267,OP-001,VH-00659,RD-004164,2026-07-26T15:10:33+02:00,2026-07-26T15:25:38+02:00,LYO-Z06,LYO-Z05,45.764809,4.853098,45.799187,4.855063,2716,905,app_qr,user_ended,5.22,EUR,false,2026-07-26T23:57:20Z,STUDENT10
RIDE-20260726-0105354,OP-001,VH-00705,RD-004481,2026-07-26T17:22:45+02:00,2026-07-26T17:27:53+02:00,LYO-Z01,LYO-Z06,45.782937,4.823283,45.79751,4.789932,982,308,app_id_entry,user_ended,0.00,EUR,false,2026-07-26T23:56:44Z,STUDENT10
RIDE-20260726-0105356,OP-001,VH-00690,RD-004665,2026-07-26T07:44:56+02:00,2026-07-26T07:46:59+02:00,LYO-Z04,LYO-Z05,45.74852,4.794707,45.769574,4.812528,243,123,partner_app,user_ended,1.57,EUR,false,2026-07-26T23:51:11Z,
RIDE-20260726-0105273,OP-001,VH-00639,RD-004341,2026-07-26T10:56:54+02:00,2026-07-26T11:01:42+02:00,LYO-Z01,LYO-Z03,45.793711,4.795943,45.758874,4.882935,1472,288,partner_app,user_ended,0.82,EUR,false,2026-07-26T23:50:38Z,SUMMER26
RIDE-20260726-0105330,OP-003,VH-00724,RD-004040,2026-07-26T12:04:16+02:00,2026-07-26T12:22:44+02:00,LYO-Z03,LYO-Z03,45.769571,4.883193,45.744306,4.795212,2876,1108,app_qr,user_ended,6.17,EUR,false,2026-07-26T23:53:51Z,
RIDE-20260726-0105298,OP-001,VH-00732,RD-004170,2026-07-26T01:02:09+02:00,,LYO-Z02,LYO-Z05,45.732581,4.833913,45.758142,4.797602,1530,382,partner_app,user_ended,2.78,EUR,false,2026-07-26T23:52:17Z,
RIDE-20260726-0105300,OP-001,VH-00735,RD-004709,2026-07-26T17:28:30+02:00,2026-07-26T17:35:51+02:00,LYO-Z02,,45.785669,4.882396,45.778328,4.885055,1162,441,app_nfc,user_ended,1.25,EUR,false,2026-07-26T23:57:52Z,
RIDE-20260726-0105352,OP-001,VH-90010,RD-004013,2026-07-26T10:49:39+02:00,2026-07-26T10:59:51+02:00,LYO-Z04,LYO-Z06,45.789814,4.83628,45.756895,4.818941,2061,612,app_qr,user_ended,3.86,EUR,false,2026-07-26T23:57:44Z,
RIDE-20260726-0105346,OP-001,VH-00673,RD-004827,2026-07-26T11:35:29+02:00,2026-07-26T11:38:31+02:00,LYO-Z04,LYO-Z01,45.770461,4.861405,45.777359,4.790381,467,182,app_qr,user_ended,1.85,EUR,false,2026-07-26T23:54:58Z,WELCOME5
RIDE-20260726-0105291,OP-001,VH-00632,RD-004202,2026-07-26T16:54:54+02:00,2026-07-26T17:08:22+02:00,LYO-Z04,LYO-Z01,45.750499,4.845178,45.754286,4.861954,2583,808,app_id_entry,user_ended,0.00,EUR,false,2026-07-26T23:51:23Z,STUDENT10
RIDE-20260726-0105344,OP-001,VH-00678,RD-004390,2026-07-26T23:40:39+02:00,2026-07-27T00:09:18+02:00,LYO-Z04,LYO-Z01,45.759698,4.841018,45.787659,4.878295,6468,1719,app_id_entry,user_ended,0.00,EUR,false,2026-07-26T23:52:55Z,
RIDE-20260726-0105359,OP-001,VH-00669,RD-004425,2026-07-26T15:44:04+02:00,2026-07-26T15:50:49+02:00,LYO-Z05,LYO-Z02,45.75087,4.858628,45.783735,4.834379,1721,405,app_id_entry,user_ended,2.89,EUR,false,2026-07-26T23:56:32Z,SUMMER26
RIDE-20260726-0105309,OP-001,VH-00652,RD-004177,2026-07-26T22:22:40+02:00,2026-07-26T22:25:27+02:00,LYO-Z06,LYO-Z05,45.737235,4.802131,45.778149,4.812193,400,167,app_id_entry,user_ended,1.78,EUR,false,2026-07-26T23:57:24Z,STUDENT10
RIDE-20260726-0105288,OP-001,VH-00695,RD-004018,2026-07-26T17:01:14+02:00,2026-07-26T17:07:05+02:00,LYO-Z02,LYO-Z05,45.739982,4.850772,45.745013,4.800763,1121,,partner_app,user_ended,2.64,EUR,false,2026-07-26T23:55:43Z,
RIDE-20260726-0105305,OP-001,VH-00673,RD-004661,2026-07-26T12:20:26+02:00,2026-07-26T12:25:21+02:00,LYO-Z01,LYO-Z01,45.774039,4.873135,45.758777,4.795131,1273,295,app_nfc,user_ended,2.38,EUR,false,2026-07-26T23:54:43Z,WELCOME5
RIDE-20260726-0105270,OP-001,VH-00665,RD-004102,2026-07-26T13:46:31+02:00,2026-07-26T13:53:48+02:00,LYO-Z02,LYO-Z03,45.741897,4.880694,45.735693,4.814113,1777,437,partner_app,user_ended,1.24,EUR,false,2026-07-26T23:53:06Z,
RIDE-20260726-0105293,OP-001,VH-00632,RD-004217,2026-07-26T18:21:04+02:00,2026-07-26T18:24:40+02:00,LYO-Z03,LYO-Z05,45.770163,4.841855,45.79857,4.829143,503,216,partner_app,user_ended,2.01,EUR,false,2026-07-26T23:57:14Z,SUMMER26
RIDE-20260726-0105343,OP-001,VH-00671,RD-004130,2026-07-26T15:21:15+02:00,2026-07-26T15:29:56+02:00,LYO-Z04,LYO-Z01,45.771858,4.805937,45.733963,4.852142,1286,521,app_qr,user_ended,1.48,EUR,false,2026-07-26T23:56:59Z,WELCOME5
RIDE-20260726-0105299,OP-001,VH-00632,RD-004844,2026-07-26T14:58:19+02:00,2026-07-26T15:21:03+02:00,LYO-Z06,LYO-Z02,45.791941,4.879343,45.779731,4.831754,3696,1364,app_nfc,user_ended,3.86,EUR,false,2026-07-26T23:55:02Z,STUDENT10
RIDE-20260726-0105301,OP-001,VH-00733,RD-004026,2026-07-26T20:51:35+02:00,2026-07-26T20:59:04+02:00,LYO-Z02,LYO-Z05,45.765223,4.843995,45.751885,4.85384,1128,449,app_id_entry,user_ended,3.10,EUR,false,2026-07-26T23:55:38Z,
RIDE-20260726-0105285,OP-001,VH-00688,RD-004490,2026-07-26T13:20:45+02:00,2026-07-26T13:25:08+02:00,LYO-Z02,LYO-Z01,45.780446,4.820751,45.751013,4.792065,501,263,app_id_entry,user_ended,2.23,EUR,false,2026-07-26T23:52:24Z,
RIDE-20260726-0105287,OP-001,VH-00675,RD-004431,2026-07-26T20:48:45+02:00,2026-07-26T20:51:00+02:00,LYO-Z02,LYO-Z01,45.777379,4.790287,45.749682,4.848418,473,135,app_id_entry,user_ended,0.00,EUR,false,2026-07-26T23:53:22Z,
RIDE-20260726-0105296,OP-001,VH-00660,RD-004094,2026-07-26T17:43:41+02:00,2026-07-26T17:48:56+02:00,LYO-Z03,LYO-Z01,45.729268,4.877614,45.736536,4.879087,820,315,app_id_entry,user_ended,0.00,EUR,false,2026-07-26T23:54:30Z,STUDENT10
RIDE-20260726-0105317,OP-001,VH-00644,RD-004302,2026-07-26T08:36:13+02:00,2026-07-26T08:40:41+02:00,LYO-Z04,LYO-Z02,45.755306,4.846997,45.728504,4.864123,1008,268,partner_app,ops_ended,2.25,EUR,false,2026-07-26T23:53:52Z,
RIDE-20260726-0105318,OP-001,VH-00691,RD-004679,2026-07-26T11:39:50+02:00,2026-07-26T11:48:18+02:00,LYO-Z06,LYO-Z06,45.77705,4.839363,45.773417,4.823673,1526,508,app_qr,user_ended,3.37,EUR,false,2026-07-26T23:50:23Z,
RIDE-20260726-0105263,OP-001,VH-00726,RD-004092,2026-07-26T19:16:14+02:00,2026-07-26T19:26:53+02:00,LYO-Z04,LYO-Z03,45.748224,4.810955,45.775756,4.827,1610,639,app_nfc,user_ended,3.98,EUR,false,2026-07-26T23:53:59Z,WELCOME5
RIDE-20260726-0105333,OP-001,VH-00716,RD-004241,2026-07-26T17:32:49+02:00,2026-07-29T10:20:44+02:00,LYO-Z02,LYO-Z04,45.760084,4.866351,45.730173,4.846141,911060,233275,app_qr,user_ended,1089.62,EUR,false,2026-07-26T23:58:13Z,
RIDE-20260726-0105312,OP-001,VH-00698,RD-004411,2026-07-26T19:40:53+02:00,2026-07-26T19:46:56+02:00,LYO-Z01,,45.789933,4.813752,45.759241,4.858149,1109,363,app_nfc,user_ended,2.69,EUR,false,2026-07-26T23:50:15Z,WELCOME5
RIDE-20260726-0105322,OP-001,VH-00602,RD-004891,2026-07-26T13:52:55+02:00,2026-07-26T14:19:41+02:00,LYO-Z06,LYO-Z02,45.787502,4.801354,45.773994,4.797946,5672,1606,app_id_entry,user_ended,4.51,EUR,false,2026-07-26T23:52:09Z,STUDENT10
RIDE-20260726-0105336,OP-001,VH-00636,RD-004425,2026-07-26T15:29:36+02:00,2026-07-26T15:32:49+02:00,LYO-Z05,LYO-Z06,45.733194,4.792638,45.791913,4.877492,475,193,app_nfc,user_ended,1.90,EUR,false,2026-07-26T23:53:52Z,
RIDE-20260726-0105295,OP-001,VH-00693,RD-004900,2026-07-26T09:21:02+02:00,2026-07-26T09:29:19+02:00,LYO-Z02,LYO-Z04,45.763662,4.84002,45.77985,4.789231,2471,497,app_nfc,user_ended,3.32,EUR,false,2026-07-26T23:51:18Z,
RIDE-20260726-0105315,OP-001,VH-00639,RD-004548,2026-07-26T10:16:10+02:00,2026-07-26T10:32:44+02:00,LYO-Z03,LYO-Z02,45.762685,4.789147,45.756184,4.85224,3736,994,app_nfc,user_ended,5.64,EUR,false,2026-07-26T23:53:25Z,
RIDE-20260726-0105304,OP-001,VH-00663,RD-004061,2026-07-26T14:24:25+02:00,2026-07-26T14:28:25+02:00,LYO-Z06,LYO-Z04,45.739473,4.797163,45.747993,4.861471,1212,240,partner_app,user_ended,2.12,EUR,false,2026-07-26T23:55:50Z,
RIDE-20260726-0105282,OP-001,VH-00639,RD-004511,2026-07-26T10:12:37+02:00,2026-07-26T10:17:44+02:00,LYO-Z05,LYO-Z01,45.733573,4.853714,45.735009,4.796182,810,307,partner_app,user_ended,2.43,EUR,false,2026-07-26T23:54:20Z,
RIDE-20260726-0105355,OP-001,VH-00617,RD-004137,2026-07-26T13:56:17+02:00,2026-07-26T14:00:02+02:00,LYO-Z03,LYO-Z01,45.76539,4.807664,45.745639,4.863708,491,225,partner_app,low_battery,2.05,EUR,false,2026-07-26T23:56:50Z,
RIDE-20260726-0105349,OP-001,VH-00686,RD-004225,2026-07-26T13:19:24+02:00,2026-07-26T13:23:21+02:00,LYO-Z05,LYO-Z03,45.782951,4.820678,45.794459,4.851496,1097,237,app_nfc,user_ended,0.67,EUR,false,2026-07-26T23:54:23Z,SUMMER26
RIDE-20260726-0105319,OP-001,VH-00679,RD-004576,2026-07-26T17:14:31+02:00,2026-07-26T17:27:33+02:00,LYO-Z01,,45.729357,4.798135,45.74674,4.801542,1872,782,app_qr,user_ended,4.65,EUR,false,2026-07-26T23:53:30Z,
RIDE-20260726-0105358,OP-001,VH-00666,RD-004460,2026-07-26T20:45:27+02:00,2026-07-26T20:54:54+02:00,LYO-Z04,LYO-Z06,45.783893,4.857995,45.772901,4.839017,2060,567,app_id_entry,user_ended,3.65,EUR,false,2026-07-26T23:54:04Z,WELCOME5
RIDE-20260726-0105271,OP-001,VH-00632,RD-004799,2026-07-26T10:20:13+02:00,2026-07-26T10:28:08+02:00,,LYO-Z04,45.72932,4.84248,45.787244,4.869548,2.24km,475,app_id_entry,auto_timeout,3.22,EUR,false,2026-07-26T23:56:49Z,
RIDE-20260726-0105363,OP-001,VH-00638,RD-004479,2026-07-26T12:31:44+02:00,2026-07-26T12:50:55+02:00,LYO-Z02,LYO-Z02,45.753554,4.813729,45.752028,4.821483,2223,1151,app_qr,user_ended,6.37,EUR,false,2026-07-26T23:52:02Z,STUDENT10
RIDE-20260726-0105280,OP-001,VH-00623,RD-004792,2026-07-26T00:31:12+02:00,,LYO-Z05,LYO-Z02,45.731887,4.881437,45.786717,4.833334,1034,349,app_qr,user_ended,0.70,EUR,false,2026-07-26T23:51:10Z,SUMMER26
RIDE-20260726-0105286,OP-001,VH-00649,RD-004682,2026-07-26T15:57:29+02:00,2026-07-26T16:10:45+02:00,LYO-Z04,,45.789313,4.804338,45.752226,4.826183,1638,796,partner_app,user_ended,4.71,EUR,false,2026-07-26T23:55:17Z,STUDENT10
RIDE-20260726-0105307,OP-001,VH-00733,RD-004483,2026-07-26T22:16:02+02:00,2026-07-26T22:42:19+02:00,LYO-Z06,LYO-Z04,45.748986,4.844624,45.761975,4.853723,5109,1577,partner_app,user_ended,4.47,EUR,false,2026-07-26T23:58:16Z,
RIDE-20260726-0105290,OP-001,VH-00619,RD-004394,2026-07-26T14:57:57+02:00,2026-07-26T15:02:50+02:00,LYO-Z01,LYO-Z03,45.744894,4.790231,45.745989,4.855551,1117,293,partner_app,user_ended,2.37,EUR,false,2026-07-26T23:57:57Z,
RIDE-20260726-0105334,OP-001,VH-00728,RD-004094,2026-07-26T22:31:46+02:00,2026-07-26T22:35:17+02:00,LYO-Z05,LYO-Z02,45.798343,4.835088,45.790651,4.811955,683,211,app_id_entry,user_ended,0.00,EUR,false,2026-07-26T23:51:43Z,
RIDE-20260726-0105310,OP-001,VH-00608,RD-004586,2026-07-26T09:13:41+02:00,2026-07-26T09:17:53+02:00,LYO-Z02,,45.788652,4.860653,45.793285,4.832724,0.64km,252,app_qr,user_ended,0.71,EUR,false,2026-07-26T23:53:02Z,WELCOME5
RIDE-20260726-0105313,OP-001,VH-00672,RD-004616,2026-07-26T10:13:09+02:00,2026-07-26T10:17:01+02:00,LYO-Z06,LYO-Z05,45.790447,4.808615,45.798974,4.862089,422,232,app_qr,user_ended,2.08,EUR,false,2026-07-26T23:52:27Z,STUDENT10
RIDE-20260726-0105357,OP-001,VH-00610,RD-004808,2026-07-26T23:38:45+02:00,,LYO-Z06,LYO-Z01,45.780334,4.78671,45.761586,4.850765,2297,490,partner_app,user_ended,3.29,EUR,false,2026-07-26T23:58:01Z,SUMMER26
RIDE-20260726-0105366,OP-001,VH-00728,RD-004900,2026-07-26T22:00:22+02:00,2026-07-26T22:07:46+02:00,LYO-Z03,LYO-Z01,45.757779,4.814104,45.798253,4.868598,2046,444,app_qr,user_ended,3.07,EUR,false,2026-07-26T23:52:17Z,
RIDE-20260726-0105328,OP-001,VH-00611,RD-004589,2026-07-26T19:56:34+02:00,2026-07-26T20:04:36+02:00,LYO-Z06,,45.795554,4.842261,45.753363,4.808298,1139,482,app_qr,user_ended,3.25,EUR,false,2026-07-26T23:50:40Z,
RIDE-20260726-0105367,OP-001,VH-00602,RD-004042,2026-07-26T10:02:25+02:00,2026-07-26T10:07:53+02:00,LYO-Z05,LYO-Z02,45.760767,4.834108,45.797831,4.864998,839,328,app_id_entry,user_ended,0.66,EUR,false,2026-07-26T23:53:21Z,SUMMER26
RIDE-20260726-0105364,OP-001,VH-00631,RD-004049,2026-07-26T08:57:12+02:00,2026-07-26T09:04:09+02:00,LYO-Z03,LYO-Z06,45.738196,4.877977,45.761874,4.830714,1370,417,partner_app,user_ended,1.18,EUR,false,2026-07-26T23:51:57Z,WELCOME5
RIDE-20260726-0105345,OP-001,VH-00638,RD-004485,2026-07-26T08:11:29+02:00,2026-07-26T08:17:48+02:00,,LYO-Z03,45.7577,4.837482,45.785177,4.784956,1285,379,partner_app,user_ended,2.77,EUR,false,2026-07-26T23:52:28Z,
RIDE-20260726-0105292,OP-001,VH-00656,RD-004489,2026-07-26T09:01:18+02:00,2026-07-26T09:08:54+02:00,LYO-Z02,LYO-Z01,45.735384,4.799427,45.757652,4.806141,1203,456,app_qr,user_ended,3.13,EUR,false,2026-07-26T23:54:40Z,
RIDE-20260726-0105329,OP-001,VH-00645,RD-004796,2026-07-26T17:35:53+02:00,,LYO-Z05,LYO-Z04,45.799088,4.836719,45.732241,4.820979,2731,769,app_nfc,auto_timeout,4.59,EUR,false,2026-07-26T23:54:39Z,STUDENT10
RIDE-20260726-0105331,OP-001,VH-00686,RD-004563,2026-07-26T07:53:38+02:00,2026-07-26T07:55:47+02:00,LYO-Z03,LYO-Z02,45.796515,4.824447,45.795031,4.834222,588,129,app_nfc,auto_timeout,0.37,EUR,false,2026-07-26T23:56:58Z,SUMMER26
RIDE-20260726-0105340,OP-001,VH-00640,RD-004511,2026-07-26T14:07:30+02:00,2026-07-26T14:09:50+02:00,LYO-Z04,LYO-Z05,45.766158,4.835639,45.798737,4.808491,412,140,app_nfc,user_ended,1.65,EUR,false,2026-07-26T23:56:13Z,SUMMER26
RIDE-20260726-0105342,OP-001,VH-00600,RD-004113,2026-07-26T13:42:51+02:00,2026-07-26T13:46:49+02:00,LYO-Z04,,45.768375,4.868701,45.773576,4.851956,0.96km,238,partner_app,user_ended,2.11,EUR,false,2026-07-26T23:52:40Z,
RIDE-20260726-0105284,OP-001,VH-00644,RD-004235,2026-07-26T22:34:23+02:00,2026-07-26T22:40:43+02:00,LYO-Z05,LYO-Z01,45.757673,4.791764,45.764338,4.808765,1322,380,app_nfc,user_ended,2.77,EUR,false,2026-07-26T23:57:36Z,
RIDE-20260726-0105269,OP-001,VH-00692,RD-004865,2026-07-26T15:12:42+02:00,2026-07-26T15:24:42+02:00,LYO-Z01,LYO-Z03,45.784471,4.857099,45.75618,4.843289,1461,720,app_nfc,user_ended,2.30,EUR,false,2026-07-26T23:57:43Z,
RIDE-20260726-0105268,OP-001,VH-00645,RD-004223,2026-07-26T17:15:30+02:00,2026-07-26T17:19:53+02:00,LYO-Z02,LYO-Z01,45.730746,4.844223,45.740879,4.833738,646,263,app_nfc,user_ended,2.23,EUR,false,2026-07-26T23:54:59Z,
RIDE-20260726-0105277,OP-001,VH-00636,RD-004763,2026-07-26T22:31:22+02:00,2026-07-26T22:35:49+02:00,LYO-Z01,LYO-Z05,45.791786,4.829146,45.754426,4.811231,645,267,partner_app,user_ended,0.76,EUR,false,2026-07-26T23:50:04Z,
RIDE-20260726-0105283,OP-001,VH-00721,RD-004399,2026-07-26T15:30:57+02:00,2026-07-26T15:34:41+02:00,LYO-Z05,LYO-Z03,45.734935,4.862526,45.755756,4.846016,682,224,partner_app,user_ended,2.05,EUR,false,2026-07-26T23:57:54Z,
RIDE-20260726-0105274,OP-001,VH-00664,RD-004912,2026-07-26T18:01:51+02:00,2026-07-26T18:05:56+02:00,LYO-Z06,LYO-Z02,45.788291,4.831192,45.791501,4.805613,684,245,app_qr,user_ended,2.14,EUR,false,2026-07-26T23:55:31Z,
RIDE-20260726-0105365,OP-001,VH-00712,RD-004333,2026-07-26T19:00:49+02:00,2026-07-26T19:10:12+02:00,LYO-Z04,LYO-Z04,45.765328,4.859799,45.776801,4.829653,1611,,app_nfc,user_ended,0.00,EUR,false,2026-07-26T23:52:37Z,
RIDE-20260726-0105348,OP-001,VH-00683,RD-004218,2026-07-26T12:29:56+02:00,2026-07-26T12:35:53+02:00,LYO-Z04,LYO-Z06,45.788636,4.885528,45.757342,4.879472,1310,357,app_nfc,user_ended,1.39,EUR,false,2026-07-26T23:55:05Z,WELCOME5
RIDE-20260726-0105321,OP-001,VH-00697,RD-004784,2026-07-26T17:42:35+02:00,2026-07-26T17:45:10+02:00,LYO-Z06,LYO-Z01,45.778814,4.86328,45.797265,4.798121,460,155,app_qr,auto_timeout,0.44,EUR,false,2026-07-26T23:53:46Z,SUMMER26
