ride_id,operator_id,vehicle_id,rider_id,start_ts,end_ts,start_zone_id,end_zone_id,start_lat,start_lon,end_lat,end_lon,distance_m,duration_s,unlock_channel,end_reason,fare_amount,currency,is_test,updated_at
RIDE-20260402-0001367,OP-003,VH-00908,RD-006316,2026-04-02T06:14:21Z,2026-04-02T06:15:44Z,STO-Z01,STO-Z06,59.311766,18.043528,59.293661,18.012038,169,83,app_nfc,user_ended,14.90,SEK,false,2026-04-02T23:51:13Z
RIDE-20260402-0001372,OP-003,VH-00912,RD-005882,2026-04-02T06:21:34Z,2026-04-02T06:31:12Z,STO-Z04,,59.301253,18.119673,59.297524,18.109924,1957,578,app_id_entry,user_ended,37.07,SEK,false,2026-04-02T23:52:27Z
RIDE-20260402-0001358,OP-003,VH-00928,RD-006198,2026-04-02T06:32:29Z,2026-04-02T06:38:19Z,STO-Z01,STO-Z07,59.358753,18.107408,59.301424,18.108962,1168,350,app_nfc,user_ended,26.88,SEK,false,2026-04-02T23:52:47Z
RIDE-20260402-0001295,OP-003,VH-00836,RD-006360,2026-04-02T07:10:45Z,2026-04-02T07:19:21Z,STO-Z06,STO-Z01,59.318733,18.094917,59.357588,18.047571,1338,516,app_qr,user_ended,0.00,SEK,false,2026-04-02T23:50:21Z
RIDE-20260402-0001307,OP-003,VH-00944,RD-006316,02/04/2026 17:11,02/04/2026 17:13,STO-Z07,,59.351611,18.000285,59.313859,18.021165,481,139,app_qr,user_ended,17.47,SEK,false,2026-04-02T23:52:04Z
RIDE-20260402-0001355,OP-003,VH-00986,RD-006398,2026-04-02T07:09:19Z,2026-04-02T07:16:18Z,STO-Z01,STO-Z06,59.349767,18.139165,59.330653,18.010118,1728,419,app_qr,ops_ended,0.00,SEK,false,2026-04-02T23:50:38Z
RIDE-20260402-0001290,OP-003,VH-00975,RD-005537,2026-04-02T07:56:18Z,2026-04-02T08:14:59Z,STO-Z02,STO-Z02,59.360209,18.039684,59.328068,18.055148,3357,1121,app_id_entry,user_ended,61.38,SEK,false,2026-04-02T23:54:31Z
RIDE-20260402-0001292,OP-003,VH-00870,RD-006302,2026-04-02T07:01:37Z,2026-04-02T07:09:03Z,STO-Z04,STO-Z03,59.352396,18.063376,59.334715,18.124753,1716,446,app_nfc,user_ended,31.14,SEK,false,2026-04-02T23:54:30Z
RIDE-20260402-0001265,OP-004,VH-00962,RD-006463,2026-04-02T07:02:03Z,2026-04-02T06:57:21Z,STO-Z05,STO-Z06,59.340925,18.012465,59.36133,18.008278,554,282,app_id_entry,user_ended,23.86,SEK,false,2026-04-02T23:52:17Z
RIDE-20260402-0001312,OP-003,VH-00889,RD-005993,2026-04-02T07:12:23Z,2026-04-02T07:31:41Z,STO-Z01,STO-Z05,59.319255,18.131643,59.301507,18.136488,2704,1158,app_qr,user_ended,41.10,SEK,false,2026-04-02T23:56:38Z
RIDE-20260402-0001371,OP-003,VH-00874,RD-006504,2026-04-02T07:18:21Z,2026-04-02T07:20:38Z,STO-Z05,STO-Z07,59.348715,18.13098,59.364949,18.065778,655,137,app_nfc,user_ended,4.82,SEK,false,2026-04-02T23:51:08Z
RIDE-20260402-0001296,OP-003,VH-00957,RD-006529,2026-04-02T07:05:06Z,2026-04-02T07:13:05Z,STO-Z02,STO-Z05,59.335672,18.113896,59.306438,18.046958,1367,479,app_qr,user_ended,32.70,SEK,false,2026-04-02T23:51:17Z
RIDE-20260402-0001373,OP-003,VH-00859,RD-005745,2026-04-02T07:09:11Z,2026-04-02T07:12:54Z,,STO-Z03,59.348089,18.041729,59.337187,18.053503,1028,223,partner_app,user_ended,21.17,SEK,false,2026-04-02T23:57:20Z
RIDE-20260402-0001324,OP-003,VH-00981,RD-006193,2026-04-02T09:51:41Z,2026-04-02T09:57:15Z,STO-Z05,STO-Z01,59.295474,18.107733,59.345235,18.069674,968,334,app_qr,user_ended,11.87,SEK,false,2026-04-02T23:51:44Z
RIDE-20260402-0001333,OP-003,VH-00890,RD-006116,2026-04-02T18:59:57Z,2026-04-02T19:27:59Z,STO-Z04,STO-Z04,59.361588,18.077,59.339592,18.061301,5431,1682,partner_app,user_ended,86.58,SEK,false,2026-04-02T23:54:53Z
RIDE-20260402-0001326,OP-003,VH-00868,RD-005600,2026-04-02T06:14:14Z,2026-04-02T06:16:12Z,STO-Z01,STO-Z07,59.318005,18.065538,59.351498,18.090649,337,118,partner_app,user_ended,4.14,SEK,false,2026-04-02T23:56:21Z
RIDE-20260402-0001302,OP-003,VH-00896,RD-006161,2026-04-02T15:18:54Z,2026-04-02T15:26:57Z,STO-Z03,STO-Z07,59.341239,18.017638,59.3281,18.043656,2474,483,app_qr,auto_timeout,32.82,SEK,false,2026-04-02T23:51:35Z
RIDE-20260402-0001360,OP-003,VH-00862,RD-005798,2026-04-02T15:59:40Z,2026-04-02T16:13:39Z,STO-Z05,STO-Z01,59.332897,18.00739,59.312893,18.007447,2050,839,app_nfc,user_ended,29.79,SEK,false,2026-04-02T23:54:12Z
RIDE-20260402-0001362,OP-003,VH-00971,RD-005994,2026-04-02T05:17:17Z,2026-04-02T05:36:41Z,STO-Z01,,59.359433,18.104362,59.348757,18.078457,3358,1164,app_nfc,user_ended,63.39,SEK,false,2026-04-02T23:50:34Z
RIDE-20260402-0001325,OP-003,VH-00937,RD-006081,2026-04-02T06:56:09Z,2026-04-02T07:02:56Z,STO-Z01,STO-Z05,59.296278,18.129762,59.336311,18.089149,1207,407,app_id_entry,user_ended,29.46,SEK,false,2026-04-02T23:52:04Z
RIDE-20260402-0001277,OP-003,VH-00935,RD-006413,2026-04-02T16:54:53Z,2026-04-02T17:33:26Z,STO-Z06,STO-Z05,59.351547,18.01212,59.321256,18.095547,10097,2313,app_qr,user_ended,0.00,SEK,false,2026-04-02T23:54:24Z
RIDE-20260402-0001334,OP-003,VH-00989,RD-005625,2026-04-02T17:23:41Z,2026-04-02T17:29:58Z,STO-Z02,STO-Z04,59.347626,18.135934,59.320288,18.056481,1970,377,partner_app,ops_ended,0.00,SEK,false,2026-04-02T23:56:58Z
RIDE-20260402-0001351,OP-003,VH-00898,RD-005722,2026-04-02T17:40:16Z,2026-04-02T17:50:17Z,STO-Z07,STO-Z02,59.335725,18.017021,59.323056,18.014947,1185,601,partner_app,user_ended,21.28,SEK,false,2026-04-02T23:52:44Z
RIDE-20260402-0001329,OP-003,VH-00873,RD-006563,2026-04-02T11:38:53Z,2026-04-02T11:46:10Z,STO-Z07,STO-Z03,59.328232,18.016077,59.327257,18.137063,1266,437,app_id_entry,user_ended,30.80,SEK,false,2026-04-02T23:51:21Z
RIDE-20260402-0001291,OP-003,VH-00984,RD-006024,2026-04-02T05:22:05Z,2026-04-02T05:31:20Z,STO-Z06,STO-Z03,59.297684,18.010151,59.33824,18.021912,1.75km,555,app_nfc,user_ended,0.00,SEK,false,2026-04-02T23:53:54Z
RIDE-20260402-0001319,OP-003,VH-00831,RD-006419,2026-04-02T07:07:38Z,2026-04-02T07:17:08Z,STO-Z05,STO-Z01,59.347397,18.00807,59.360213,18.012407,1586,570,app_nfc,user_ended,20.16,SEK,false,2026-04-02T23:54:17Z
RIDE-20260402-0001282,OP-003,VH-00859,RD-005771,2026-04-02T07:31:32Z,2026-04-02T07:36:01Z,STO-Z01,STO-Z02,59.293552,18.097464,59.305771,18.013987,791,269,app_qr,user_ended,6.05,SEK,false,2026-04-02T23:52:55Z
RIDE-20260402-0001273,OP-003,VH-00926,RD-005740,2026-04-02T20:24:18Z,2026-04-02T20:34:10Z,STO-Z01,STO-Z01,59.312644,18.104641,59.343276,18.055253,2049,592,partner_app,user_ended,37.74,SEK,false,2026-04-02T23:52:47Z
RIDE-20260402-0001366,OP-003,VH-00955,RD-005998,2026-04-02T18:41:31Z,2026-04-02T18:47:09Z,STO-Z03,STO-Z06,59.314912,18.080646,59.364292,18.093989,1.46km,338,app_qr,user_ended,11.98,SEK,false,2026-04-02T23:53:51Z
RIDE-20260402-0001288,OP-003,VH-00904,RD-005735,2026-04-02T06:16:24Z,2026-04-02T06:23:50Z,STO-Z04,STO-Z05,59.345306,18.089024,59.321025,18.135695,1745,446,app_nfc,user_ended,9.97,SEK,false,2026-04-02T23:54:16Z
RIDE-20260402-0001331,OP-003,VH-00986,RD-005908,2026-04-02T07:47:23Z,2026-04-02T07:55:04Z,STO-Z07,STO-Z04,59.328747,18.054169,59.327802,18.003282,1446,461,app_id_entry,user_ended,31.81,SEK,false,2026-04-02T23:50:41Z
RIDE-20260402-0001298,OP-003,VH-00935,RD-006258,2026-04-02T19:13:44Z,2026-04-02T19:19:42Z,STO-Z05,STO-Z02,59.329913,18.023617,59.307376,18.074423,1579,358,app_qr,user_ended,27.22,SEK,false,2026-04-02T23:53:12Z
RIDE-20260402-0001368,OP-003,VH-90013,RD-005574,2026-04-02T07:16:22Z,2026-04-02T07:18:17Z,STO-Z03,STO-Z07,59.295432,18.007025,59.3105,18.014063,402,115,app_id_entry,user_ended,16.35,SEK,false,2026-04-02T23:53:11Z
RIDE-20260402-0001339,OP-003,VH-00983,RD-005794,2026-04-02T13:16:57Z,2026-04-02T13:22:48Z,STO-Z02,,59.344633,18.049757,59.315639,18.11416,1604,351,app_id_entry,user_ended,26.88,SEK,false,2026-04-02T23:52:40Z
RIDE-20260402-0001306,OP-003,VH-00907,RD-005929,2026-04-02T10:16:48Z,2026-04-02T10:23:33Z,STO-Z04,STO-Z03,59.321629,18.049568,59.35564,18.122272,1100,405,app_nfc,auto_timeout,24.70,SEK,false,2026-04-03T09:54:40Z
RIDE-20260402-0001342,OP-003,VH-00924,RD-006438,2026-04-02T17:16:01Z,2026-04-02T17:21:15Z,STO-Z03,STO-Z05,59.294038,18.064656,59.358773,18.036188,667,314,partner_app,user_ended,25.31,SEK,false,2026-04-02T23:50:36Z
RIDE-20260402-0001328,OP-003,VH-00925,RD-005557,2026-04-02T21:05:48Z,2026-04-02T21:13:35Z,STO-Z04,STO-Z06,59.358013,18.010794,59.346699,18.109687,2404,467,partner_app,user_ended,0.00,SEK,false,2026-04-02T23:55:02Z
RIDE-20260402-0001365,OP-003,VH-00845,RD-005912,2026-04-02T07:07:50Z,2026-04-02T07:11:09Z,STO-Z04,STO-Z04,59.298464,18.101866,59.317179,18.06101,533,199,app_id_entry,user_ended,20.16,SEK,false,2026-04-02T23:54:29Z
RIDE-20260402-0001281,OP-003,VH-00940,RD-006224,2026-04-02T17:20:13Z,2026-04-02T17:23:46Z,STO-Z01,STO-Z07,59.31033,18.134857,59.327971,18.112875,644,213,partner_app,user_ended,20.72,SEK,false,2026-04-02T23:55:26Z
RIDE-20260402-0001337,OP-003,VH-00857,RD-005567,2026-04-02T12:32:19Z,2026-04-02T12:35:06Z,STO-Z02,STO-Z01,59.305384,18.07727,59.29657,18.105586,379,167,app_qr,user_ended,18.70,SEK,false,2026-04-02T23:52:26Z
RIDE-20260402-0001294,OP-003,VH-00958,RD-006513,2026-04-02T21:58:03Z,2026-04-04T05:14:34Z,STO-Z01,STO-Z04,59.360354,18.130464,59.351378,18.022622,577395,112591,app_qr,user_ended,3993.25,SEK,false,2026-04-02T23:56:40Z
RIDE-20260402-0001344,OP-003,VH-00952,RD-005992,2026-04-02T06:02:44Z,2026-04-02T06:14:23Z,STO-Z05,STO-Z06,59.330252,18.063932,59.337932,18.012359,3218,699,app_qr,user_ended,42.56,SEK,false,2026-04-02T23:52:43Z
RIDE-20260402-0001286,OP-003,VH-00901,RD-006110,2026-04-02T21:59:18Z,2026-04-02T22:05:02Z,STO-Z03,STO-Z05,59.327096,18.017124,59.345057,18.043959,1341,344,app_nfc,user_ended,26.66,SEK,false,2026-04-02T23:52:17Z
RIDE-20260402-0001336,OP-003,VH-00903,RD-006062,2026-04-02T05:56:48Z,2026-04-02T06:07:25Z,STO-Z01,STO-Z02,59.325372,18.119364,59.313259,18.084881,2061,637,app_nfc,auto_timeout,0.00,SEK,false,2026-04-02T23:57:40Z
RIDE-20260402-0001267,OP-003,VH-00984,RD-005861,2026-04-02T07:40:08Z,2026-04-02T07:48:25Z,STO-Z07,,59.326965,18.055816,59.337318,18.037264,1477,497,partner_app,user_ended,33.49,SEK,false,2026-04-02T23:53:26Z
RIDE-20260402-0001348,OP-003,VH-00836,RD-006388,2026-04-02T08:59:53Z,2026-04-02T09:06:42Z,STO-Z07,STO-Z07,59.351509,17.998253,59.36078,18.138497,1473,409,app_qr,user_ended,0.00,SEK,false,2026-04-02T23:52:08Z
RIDE-20260402-0001284,OP-003,VH-00902,RD-006036,2026-04-02T16:59:56Z,2026-04-02T17:18:07Z,STO-Z02,STO-Z05,59.333988,18.119457,59.325045,18.132241,2769,1091,app_id_entry,user_ended,60.03,SEK,false,2026-04-02T23:53:42Z
RIDE-20260402-0001332,OP-003,VH-00966,RD-006340,2026-04-02T16:48:36Z,2026-04-02T17:02:37Z,STO-Z06,STO-Z06,59.336542,18.04458,59.336542,18.061961,2012,841,partner_app,auto_timeout,29.79,SEK,false,2026-04-02T23:51:30Z
RIDE-20260402-0001343,OP-003,VH-00901,RD-005939,2026-04-02T17:28:16Z,2026-04-02T17:33:39Z,STO-Z02,STO-Z04,59.356791,18.024284,59.313544,18.018185,1233,323,app_qr,user_ended,25.65,SEK,false,2026-04-02T23:53:07Z
RIDE-20260402-0001356,OP-003,VH-00868,RD-006444,2026-04-02T06:37:55Z,2026-04-02T06:44:54Z,,STO-Z03,59.313682,18.125624,59.312409,18.130475,1221,419,partner_app,user_ended,14.90,SEK,false,2026-04-02T23:54:50Z
RIDE-20260402-0001278,OP-003,VH-00889,RD-006484,2026-04-02T07:32:30Z,2026-04-02T07:42:56Z,,STO-Z07,59.301823,18.125278,59.302825,18.05754,1750,626,app_nfc,auto_timeout,14.00,SEK,false,2026-04-02T23:54:08Z
RIDE-20260402-0001287,OP-003,VH-00883,RD-006162,2026-04-02T14:02:27Z,2026-04-02T14:14:31Z,STO-Z07,STO-Z01,59.343838,18.112401,59.30685,18.101931,1629,724,partner_app,user_ended,43.68,SEK,false,2026-04-02T23:55:33Z
RIDE-20260402-0001266,OP-003,VH-00839,RD-006560,2026-04-02T05:12:32Z,2026-04-02T05:16:35Z,STO-Z01,STO-Z05,59.30285,18.08444,59.302685,18.125192,737,243,app_qr,user_ended,12.43,SEK,false,2026-04-02T23:50:28Z
RIDE-20260402-0001274,OP-003,VH-00854,RD-005561,2026-04-02T06:34:19Z,2026-04-02T06:44:20Z,STO-Z05,STO-Z07,59.359082,18.043915,59.325912,18.0931,1695,601,partner_app,user_ended,38.08,SEK,false,2026-04-02T23:50:21Z
RIDE-20260402-0001322,OP-003,VH-00845,RD-006096,2026-04-02T13:24:23Z,2026-04-02T13:33:13Z,STO-Z07,STO-Z06,59.325061,18.070398,59.315386,18.066395,1647,530,app_qr,user_ended,34.94,SEK,false,2026-04-02T23:51:52Z
RIDE-20260402-0001279,OP-003,VH-00917,RD-006588,2026-04-02T00:03:39Z,2026-04-02T00:10:47Z,STO-Z06,STO-Z06,59.348325,18.105804,59.319009,18.072363,913,428,app_id_entry,user_ended,30.35,SEK,false,2026-04-02T23:53:58Z
RIDE-20260402-0001268,OP-003,VH-00871,RD-006234,2026-04-02T16:38:35Z,2026-04-02T16:44:42Z,STO-Z05,STO-Z07,59.302194,18.060875,59.314591,18.068165,1547,367,app_id_entry,user_ended,27.66,SEK,false,2026-04-02T23:57:53Z
RIDE-20260402-0001316,OP-003,VH-00925,RD-006146,2026-04-02T05:17:14Z,2026-04-02T05:20:23Z,STO-Z02,STO-Z03,59.336607,18.003295,59.322393,18.054456,468,189,partner_app,user_ended,6.72,SEK,false,2026-04-02T23:54:01Z
RIDE-20260402-0001323,OP-003,VH-00951,RD-006540,2026-04-02T16:14:22Z,2026-04-02T16:31:02Z,STO-Z01,,59.348511,18.052393,59.347844,18.124214,2035,1000,app_id_entry,user_ended,56.00,SEK,false,2026-04-02T23:54:46Z
RIDE-20260402-0001305,OP-003,VH-00974,RD-006459,2026-04-02T06:06:12Z,2026-04-02T06:09:58Z,,STO-Z06,59.34301,18.070571,59.35549,18.074308,772,226,partner_app,ops_ended,0.00,SEK,false,2026-04-02T23:54:45Z
RIDE-20260402-0001299,OP-003,VH-00938,RD-006283,2026-04-02T07:31:36Z,2026-04-02T07:36:54Z,STO-Z05,STO-Z04,59.364471,18.054875,59.314265,18.066393,1303,318,partner_app,user_ended,11.31,SEK,false,2026-04-02T23:54:08Z
RIDE-20260402-0001271,OP-003,VH-00898,RD-005889,2026-04-02T07:43:37Z,2026-04-02T08:02:26Z,STO-Z04,STO-Z04,59.33386,18.057278,59.299271,18.106721,3593,1129,app_nfc,user_ended,61.82,SEK,false,2026-04-02T23:55:56Z
RIDE-20260402-0001363,OP-003,VH-00880,RD-005915,2026-04-02T16:52:57Z,2026-04-02T17:00:13Z,STO-Z05,STO-Z03,59.328213,18.07306,59.295488,18.040747,1559,436,app_nfc,user_ended,30.69,SEK,false,2026-04-02T23:56:54Z
RIDE-20260402-0001314,OP-003,VH-00930,RD-006155,2026-04-02T07:20:12Z,2026-04-02T07:37:01Z,STO-Z04,STO-Z04,59.315146,18.062981,59.353138,18.069492,4336,1009,app_nfc,user_ended,56.45,SEK,false,2026-04-02T23:57:12Z
RIDE-20260402-0001320,OP-003,VH-00900,RD-006354,2026-04-02T15:10:49Z,2026-04-02T15:13:09Z,STO-Z05,STO-Z07,59.363683,18.130612,59.322246,18.014847,350,140,app_qr,user_ended,0.00,SEK,false,2026-04-02T23:57:30Z
RIDE-20260402-0001297,OP-003,VH-00892,RD-005909,2026-04-02T15:08:08Z,2026-04-02T15:11:30Z,STO-Z02,STO-Z03,59.324816,18.033393,59.312722,18.071446,537,202,app_nfc,user_ended,11.20,SEK,false,2026-04-02T23:56:54Z
RIDE-20260402-0001269,OP-003,VH-00858,RD-005854,2026-04-02T10:57:57Z,2026-04-02T11:00:34Z,STO-Z03,STO-Z06,59.340799,18.000872,59.321956,18.088684,565,157,app_nfc,user_ended,18.26,SEK,false,2026-04-02T23:55:25Z
RIDE-20260402-0001289,OP-003,VH-00916,RD-005783,2026-04-02T10:36:50Z,2026-04-02T10:29:02Z,STO-Z03,STO-Z06,59.331908,18.024453,59.319541,18.105842,966,468,app_nfc,user_ended,0.00,SEK,false,2026-04-02T23:50:28Z
RIDE-20260402-0001335,OP-003,VH-00955,RD-005928,2026-04-02T06:22:43Z,2026-04-02T06:42:16Z,STO-Z06,STO-Z05,59.308255,18.068183,59.332308,18.13522,-4967,1173,app_id_entry,user_ended,63.73,SEK,false,2026-04-02T23:55:10Z
RIDE-20260402-0001357,OP-003,VH-00958,RD-006190,2026-04-02T13:51:33Z,2026-04-02T13:55:22Z,STO-Z07,STO-Z03,59.339926,18.049094,59.341233,18.101569,949,229,app_nfc,user_ended,8.18,SEK,false,2026-04-02T23:52:35Z
RIDE-20260402-0001313,OP-003,VH-00865,RD-005757,2026-04-02T15:55:10Z,2026-04-02T16:04:24Z,STO-Z01,STO-Z03,59.32678,18.049788,59.341752,18.01705,1887,554,app_nfc,user_ended,36.06,SEK,false,2026-04-02T23:50:29Z
RIDE-20260402-0001346,OP-001,VH-00899,RD-005776,2026-04-02T07:04:36Z,2026-04-02T07:09:19Z,STO-Z04,STO-Z02,59.299943,18.128423,59.354312,18.003946,1068,283,partner_app,user_ended,23.86,SEK,false,2026-04-02T23:57:46Z
RIDE-20260402-0001310,OP-003,VH-00887,RD-006194,2026-04-02T11:43:48Z,2026-04-02T11:58:36Z,STO-Z01,STO-Z03,59.296424,18.041626,59.293588,18.004741,3997,888,app_nfc,user_ended,19.94,SEK,false,2026-04-02T23:52:39Z
RIDE-20260402-0001285,OP-003,VH-00926,RD-006036,2026-04-02T07:59:39Z,2026-04-02T08:09:11Z,STO-Z01,STO-Z01,59.355259,18.070202,59.304028,18.130175,1091,572,app_nfc,user_ended,36.85,SEK,false,2026-04-02T23:50:05Z
RIDE-20260402-0001347,OP-003,VH-00854,RD-006294,2026-04-02T13:14:44Z,2026-04-02T13:25:30Z,STO-Z01,STO-Z02,59.363919,18.052932,59.362189,18.07985,1274,646,app_qr,user_ended,0.00,SEK,false,2026-04-02T23:57:56Z
RIDE-20260402-0001315,OP-003,VH-00854,RD-005686,2026-04-02T17:09:46Z,2026-04-02T17:13:22Z,STO-Z01,STO-Z07,59.334421,18.126186,59.323221,18.107636,1120,216,app_nfc,user_ended,20.83,SEK,false,2026-04-02T23:58:04Z
RIDE-20260402-0001352,OP-003,VH-00903,RD-006520,2026-04-02T20:13:13Z,2026-04-02T20:23:49Z,STO-Z01,STO-Z02,59.352846,18.037663,59.319365,18.098556,2035,636,app_nfc,user_ended,39.65,SEK,false,2026-04-02T23:55:25Z
RIDE-20260402-0001374,OP-003,VH-00853,RD-005580,02/04/2026 22:28,02/04/2026 22:37,STO-Z06,STO-Z02,59.340457,18.029457,59.327418,18.124439,2.01km,531,partner_app,user_ended,34.94,SEK,false,2026-04-02T23:51:24Z
RIDE-20260402-0001341,OP-003,VH-00911,RD-006562,2026-04-02T06:08:45Z,2026-04-02T06:17:16Z,STO-Z02,STO-Z02,59.328663,18.044355,59.323222,18.115487,981,511,partner_app,user_ended,0.00,SEK,false,2026-04-02T23:54:27Z
RIDE-20260402-0001308,OP-003,VH-00880,RD-006247,2026-04-02T15:06:22Z,2026-04-02T15:10:30Z,STO-Z05,STO-Z01,59.351942,18.126792,59.361827,18.107293,584,248,app_id_entry,user_ended,0.00,SEK,false,2026-04-02T23:52:23Z
RIDE-20260402-0001353,OP-003,VH-00935,RD-005594,2026-04-02T05:52:31Z,2026-04-02T05:56:52Z,,STO-Z07,59.337919,18.034274,59.321588,18.063234,480,261,app_id_entry,user_ended,9.30,SEK,false,2026-04-02T23:51:10Z
RIDE-20260402-0001370,OP-003,VH-00928,RD-005942,2026-04-02T06:14:25Z,2026-04-02T06:36:52Z,STO-Z02,STO-Z07,59.313029,18.03237,59.295638,18.069798,3174,1347,app_id_entry,user_ended,43.34,SEK,false,2026-04-02T23:56:50Z
RIDE-20260402-0001361,OP-003,VH-00975,RD-006416,2026-04-02T10:23:33Z,2026-04-02T10:28:22Z,STO-Z06,STO-Z01,59.319839,18.089512,59.30356,18.096686,1024,289,app_qr,low_battery,24.19,SEK,false,2026-04-02T23:51:06Z
RIDE-20260402-0001301,OP-003,VH-00977,RD-005904,2026-04-02T05:28:39Z,2026-04-02T05:41:33Z,STO-Z04,STO-Z02,59.3331,18.126129,59.324084,18.044708,3306,774,partner_app,user_ended,0.00,SEK,false,2026-04-02T23:54:53Z
RIDE-20260402-0001306,OP-003,VH-00907,RD-005929,2026-04-02T10:16:48Z,2026-04-02T10:23:33Z,STO-Z04,STO-Z03,59.321629,18.049568,59.35564,18.122272,1100,,app_nfc,auto_timeout,29.34,SEK,false,2026-04-02T23:54:40Z
RIDE-20260402-0001311,OP-003,VH-00934,RD-006057,2026-04-02T06:14:07Z,2026-04-02T06:27:09Z,STO-Z03,STO-Z03,59.304984,18.139047,59.313778,18.131464,2269,782,app_qr,user_ended,27.78,SEK,false,2026-04-02T23:51:35Z
RIDE-20260402-0001300,OP-003,VH-00917,RD-006419,2026-04-02T07:09:05Z,2026-04-02T07:20:38Z,STO-Z06,STO-Z07,59.300831,18.010727,59.306683,18.112796,3542,693,app_id_entry,user_ended,24.53,SEK,false,2026-04-02T23:53:27Z
RIDE-20260402-0001321,OP-003,VH-00851,RD-006140,2026-04-02T16:46:42Z,2026-04-02T17:00:54Z,STO-Z03,STO-Z05,59.314753,18.002549,59.298325,18.128753,3307,852,app_nfc,user_ended,30.24,SEK,false,2026-04-02T23:50:46Z
RIDE-20260402-0001275,OP-003,VH-00964,RD-006096,2026-04-02T21:01:38Z,2026-04-02T21:04:17Z,STO-Z07,STO-Z06,59.308973,18.001219,59.298034,18.0263,401,159,app_id_entry,ops_ended,18.37,SEK,false,2026-04-02T23:55:57Z
RIDE-20260402-0001340,OP-003,VH-00916,RD-005785,2026-04-02T12:59:45Z,2026-04-02T13:25:16Z,STO-Z01,STO-Z04,59.323245,18.128806,59.319802,18.118441,3768,1531,partner_app,auto_timeout,79.74,SEK,false,2026-04-02T23:55:13Z
RIDE-20260402-0001303,OP-003,VH-00911,RD-005626,2026-04-02T10:29:24Z,2026-04-02T10:34:02Z,STO-Z05,STO-Z06,59.315262,18.029659,59.341735,18.01084,736,278,app_id_entry,user_ended,9.86,SEK,false,2026-04-02T23:52:04Z
RIDE-20260402-0001327,OP-003,VH-00897,RD-005908,2026-04-02T12:20:25Z,2026-04-02T12:31:19Z,STO-Z01,STO-Z03,59.354811,18.034767,59.347416,18.022916,2120,654,app_qr,user_ended,40.54,SEK,false,2026-04-02T23:55:16Z
RIDE-20260402-0001318,OP-003,VH-00836,RD-006190,2026-04-02T17:59:20Z,2026-04-02T18:07:43Z,STO-Z05,STO-Z05,59.342572,18.116168,59.313089,18.015301,2523,503,app_nfc,low_battery,17.81,SEK,false,2026-04-02T23:57:29Z
RIDE-20260402-0001283,OP-003,VH-00964,RD-005975,2026-04-02T05:34:28Z,2026-04-02T05:42:51Z,,STO-Z06,59.331758,18.128817,59.34155,18.039731,1482,503,app_qr,user_ended,33.71,SEK,false,2026-04-02T23:56:39Z
RIDE-20260402-0001375,OP-003,VH-00977,RD-006557,2026-04-01T22:07:51Z,2026-04-01T22:14:09Z,STO-Z06,STO-Z01,59.296148,18.093416,59.353878,18.010932,1528,,partner_app,user_ended,13.44,SEK,false,2026-04-02T23:54:16Z
RIDE-20260402-0001272,OP-003,VH-00878,RD-005801,2026-04-02T21:52:34Z,2026-04-02T22:08:01Z,STO-Z07,STO-Z06,59.300712,18.047169,59.329642,18.130895,4553,927,app_id_entry,user_ended,52.75,SEK,false,2026-04-02T23:56:13Z
RIDE-20260402-0001359,OP-003,VH-00879,RD-005558,2026-04-02T07:40:54Z,2026-04-02T07:56:24Z,STO-Z04,STO-Z07,59.302988,18.088249,59.308373,18.076937,5040,930,app_qr,user_ended,52.86,SEK,false,2026-04-02T23:57:47Z
RIDE-20260402-0001304,OP-003,VH-00921,RD-005737,2026-04-01T23:16:57Z,2026-04-01T23:22:00Z,STO-Z05,STO-Z06,59.3086,18.127271,59.335917,18.065503,960,303,app_id_entry,low_battery,24.75,SEK,false,2026-04-02T23:57:40Z
RIDE-20260402-0001364,OP-003,VH-00886,RD-005644,2026-04-02T17:41:19Z,2026-04-02T17:46:36Z,STO-Z05,STO-Z05,59.294562,18.11132,59.33918,18.003316,1320,317,app_qr,user_ended,11.20,SEK,false,2026-04-02T23:58:17Z
RIDE-20260402-0001350,OP-003,VH-00945,RD-005899,2026-04-02T18:45:19Z,2026-04-02T18:48:22Z,STO-Z06,STO-Z02,59.364397,18.074203,59.35132,18.036096,670,183,app_qr,user_ended,6.50,SEK,false,2026-04-02T23:53:07Z
RIDE-20260402-0001270,OP-003,VH-00905,RD-005962,2026-04-02T05:14:09Z,2026-04-02T05:19:31Z,STO-Z05,STO-Z07,59.337234,18.029251,59.359586,18.077992,869,322,app_qr,user_ended,25.65,SEK,false,2026-04-02T23:52:38Z
RIDE-20260402-0001338,OP-003,VH-00972,RD-006123,2026-04-02T08:19:06Z,2026-04-02T08:26:35Z,STO-Z04,STO-Z04,59.314972,18.080953,59.303939,18.136987,1269,449,app_nfc,user_ended,31.36,SEK,false,2026-04-02T23:55:06Z
RIDE-20260402-0001345,OP-003,VH-00849,RD-005684,2026-04-02T08:57:38Z,2026-04-02T09:03:10Z,STO-Z07,STO-Z03,59.29419,18.134776,59.326448,18.033567,873,332,app_id_entry,user_ended,26.10,SEK,false,2026-04-02T23:51:18Z
RIDE-20260402-0001354,OP-003,VH-00924,RD-006633,2026-04-02T12:13:07Z,2026-04-02T12:17:19Z,STO-Z02,STO-Z04,59.33271,18.001959,59.364828,18.060667,672,252,app_nfc,user_ended,8.96,SEK,false,2026-04-02T23:56:41Z
RIDE-20260402-0001349,OP-003,VH-00831,RD-005542,2026-04-02T06:28:52Z,2026-04-02T06:34:38Z,STO-Z04,STO-Z06,59.338984,18.135301,59.336438,18.105762,1673,346,partner_app,user_ended,26.66,SEK,false,2026-04-02T23:51:32Z
RIDE-20260402-0001330,OP-003,VH-00912,RD-005988,2026-04-02T14:43:34Z,2026-04-02T15:01:27Z,STO-Z05,STO-Z01,59.352863,18.017753,59.35573,18.080205,2817,1073,app_id_entry,user_ended,59.25,SEK,false,2026-04-02T23:56:19Z
RIDE-20260402-0001293,OP-003,VH-00957,RD-005922,2026-04-02T17:30:02Z,2026-04-02T17:34:17Z,STO-Z03,STO-Z07,59.359875,18.085465,59.359905,18.056947,736,255,app_qr,user_ended,9.07,SEK,false,2026-04-02T23:53:01Z
RIDE-20260402-0001276,OP-003,VH-00846,RD-005920,2026-04-02T04:48:17Z,2026-04-02T04:54:45Z,STO-Z07,STO-Z07,59.311306,18.006972,59.296193,18.017775,1840,388,app_qr,user_ended,28.56,SEK,false,2026-04-02T23:53:21Z
RIDE-20260402-0001280,OP-003,VH-00914,RD-005719,2026-04-02T06:37:06Z,2026-04-02T06:49:53Z,,STO-Z02,59.323049,18.109926,59.352299,18.011544,2256,767,app_qr,user_ended,45.58,SEK,false,2026-04-02T23:53:18Z
RIDE-20260402-0001369,OP-003,VH-00971,RD-006491,2026-04-02T08:23:20Z,2026-04-02T08:49:04Z,,STO-Z07,59.363947,18.097626,59.340959,18.042827,5870,1544,app_qr,user_ended,54.77,SEK,false,2026-04-02T23:52:56Z
RIDE-20260402-0001317,OP-003,VH-00876,RD-006322,2026-04-02T17:48:54Z,2026-04-02T17:55:48Z,STO-Z02,STO-Z03,59.328182,18.014867,59.317329,18.136562,1262,414,app_qr,auto_timeout,29.79,SEK,false,2026-04-02T23:52:56Z
RIDE-20260402-0001309,OP-003,VH-00970,RD-006455,2026-04-02T17:02:45Z,2026-04-02T17:14:16Z,STO-Z06,STO-Z04,59.346339,18.066277,59.340454,18.116256,2304,691,app_id_entry,user_ended,42.11,SEK,false,2026-04-02T23:58:10Z
