plan_id,version,plan_name,tier,unlock_fee_eur,per_minute_eur,monthly_fee_eur,valid_from,valid_to
PLAN-PAYG,1,Pay As You Go,basic,1.0,0.24,0.0,2023-03-01,2026-05-31
PLAN-PAYG,2,Pay As You Go,basic,1.0,0.28,0.0,2026-06-01,
PLAN-COMMUTE,1,Commuter 30,standard,0.0,0.19,9.99,2023-09-01,2026-06-14
PLAN-COMMUTE,2,Commuter 30,standard,0.0,0.17,11.99,2026-06-15,
PLAN-STUDENT,1,Student Saver,standard,0.5,0.15,4.99,2024-01-15,
PLAN-UNLIMITED,1,Unlimited City,premium,0.0,0.0,29.99,2024-06-01,2026-06-01
PLAN-UNLIMITED,2,Unlimited City,premium,0.0,0.0,34.99,2026-06-02,
PLAN-CORP,1,Corporate Flex,premium,0.0,0.12,19.0,2025-02-01,
PLAN-TOURIST,1,Day Pass,basic,0.0,0.0,12.0,2025-04-01,
